1, Johnson and Johnson, 1, 1, 2013-10-08 21:02:37
2, Malizia, 2, 1, 2013-10-08 21:04:20
3, Dabur, 3, 1, 2013-10-08 21:04:38
4, Huggies, 4, 1, 2013-10-08 21:05:07
5, Dark and Lovely, 5, 1, 2013-10-08 21:05:38
6, Leosmart, 6, 1, 2013-10-08 21:06:01
7, Energizer, 7, 1, 2013-10-08 21:06:21
8, Himalaya, 8, 1, 2013-10-08 21:06:41
9, Geisha, 9, 3, 2013-10-08 21:07:22
10, Laughing Cow, 10, 4, 2013-10-08 21:07:48
11, Mcvities, 11, 2, 2013-10-08 21:08:08
12, Vitamilk, 12, 3, 2013-10-08 21:08:30
13, Pringles, 13, 4, 2013-10-08 21:08:47
14, Mayonnaise, 14, 4, 2013-10-08 21:09:11
15, Complan, 14, 4, 2013-10-08 21:09:35
16, Heinz, 14, 4, 2013-10-08 21:09:49
17, Ovaltine, 15, 2, 2013-10-08 21:10:39
18, SMA, 16, 2, 2013-10-08 21:10:57
19, Tropika, 17, 4, 2013-10-08 21:11:18
20, FRUTTA, 18, 4, 2013-10-08 21:11:38
21, UNZA, 19, 1, 2013-10-08 21:11:54
22, Pascual, 20, 3, 2013-10-08 21:12:08
23, Kerry Gold, 21, 4, 2013-10-08 21:12:33
24, CANDREAL, 22, 3, 2013-11-18 16:34:59
25, QUAKER, 23, 2, 2013-11-18 16:35:41
26, Philips, 24, 5, 2013-11-18 16:38:45
